{
  "project_info": {
    "project_number": "39293002623",
    "firebase_url": "https://sfbtaiwan.firebaseio.com",
    "project_id": "sfbtaiwan",
    "storage_bucket": "sfbtaiwan.appspot.com"
  },
  "client": [
    {
      "client_info": {
        "mobilesdk_app_id": "1:39293002623:android:a429b95748f5a9a2",
        "android_client_info": {
          "package_name": "com.salumedia.quitandreturn"
        }
      },
      "oauth_client": [
        {
          "client_id": "39293002623-dmbiov6mrqdmnra80uk46no75i9hjl8c.apps.googleusercontent.com",
          "client_type": 1,
          "android_info": {
            "package_name": "com.salumedia.quitandreturn",
            "certificate_hash": "54a70e1d5550b55a8b2e28e18927c0556a0fc25f"
          }
        },
        {
          "client_id": "39293002623-7u7bsf7qm83n0b1ermgp4nr7koqua261.apps.googleusercontent.com",
          "client_type": 1,
          "android_info": {
            "package_name": "com.salumedia.quitandreturn",
            "certificate_hash": "bf878770b3809f7c512ea44f59f199e55cd7231b"
          }
        },
        {
          "client_id": "39293002623-8jctfoi3mqd79318bl0obnonvip0087r.apps.googleusercontent.com",
          "client_type": 3
        }
      ],
      "api_key": [
        {
          "current_key": "AIzaSyAEt8nESie-UkutLq9u5DORtAoJgYLQrs8"
        },
        {
          "current_key": "AIzaSyAmQQHPf74qQq7z962VMdLzMyCG56KgamY"
        }
      ],
      "services": {
        "analytics_service": {
          "status": 1
        },
        "appinvite_service": {
          "status": 2,
          "other_platform_oauth_client": [
            {
              "client_id": "39293002623-8jctfoi3mqd79318bl0obnonvip0087r.apps.googleusercontent.com",
              "client_type": 3
            }
          ]
        },
        "ads_service": {
          "status": 2
        }
      }
    }
  ],
  "configuration_version": "1"
}